label,grid,dt_min,days_per_hr,ms_per_step,e2e_days_per_hr,run,date
P0 full ECHAM,T63L95,12.0,51.6,582,47,base_echam_l95_10d,2026-09-02
P0 full ECHAM,T63L95,15.0,51.9,723,47,base_echam_l95_10d_dt15,2026-09-02
P1 dry HS,T63L95,12.0,6000.0,5,991,p1_dry_30d,2026-09-02
P1 dry HS,T63L95,12.0,5786.9,5,2368,p1_dry_1yr,2026-09-02
P2 SD,T63L95,12.0,5454.5,6,2326,p2_sd_1yr,2026-09-03
P3 tracers,T63L95,12.0,4458.4,7,2082,p3_tracers_1yr,2026-09-03
P4 2005,T63L95,12.0,4461.7,7,2092,p4_2005,2026-09-03
P4 2006,T63L95,12.0,4473.3,7,2079,p4_2006,2026-09-03
P4 2007,T63L95,12.0,4478.3,7,2099,p4_2007,2026-09-03
P4 2008,T63L95,12.0,4466.8,7,2088,p4_2008,2026-09-03
P4 2009,T63L95,12.0,4456.8,7,2079,p4_2009,2026-09-03
P6 PK,T63L95,12.0,4445.3,7,2012,p6_pk_g4_t15_s05_top3,2026-09-03
P6 ref full ECHAM+SD,T63L95,12.0,139.9,214,131,ref_echam_sd_2005,2026-09-03
P7 dt30,T63L95,30.0,10432.5,7,1891,p7_dt30,2026-09-03
P7 dt30_it2,T63L95,30.0,8602.0,9,1478,p7_dt30_it2,2026-09-03
P7 dt45_it2,T63L95,45.0,12369.2,9,1505,p7_dt45_it2,2026-09-03
P8 QBO,T63L95,12.0,3803.2,8,1736,p8_qbo_2005,2026-09-04
P8 2005,T63L95,12.0,3871.6,8,2144,p8_2005,2026-09-05
P8 2006,T63L95,12.0,3818.9,8,2116,p8_2006,2026-09-05
P8 2007,T63L95,12.0,3958.0,8,2194,p8_2007,2026-09-05
P8 2008,T63L95,12.0,3885.6,8,2174,p8_2008,2026-09-05
P8 2009,T63L95,12.0,3866.6,8,2151,p8_2009,2026-09-05
P8b 2005,T63L95,12.0,3901.6,8,1874,p8b_2005,2026-09-09
P8b 2006,T63L95,12.0,3890.3,8,1872,p8b_2006,2026-09-09
P8b 2007,T63L95,12.0,3906.7,8,1896,p8b_2007,2026-09-09
P8b 2008,T63L95,12.0,3931.1,8,1904,p8b_2008,2026-09-09
P8b 2009,T63L95,12.0,3889.1,8,1883,p8b_2009,2026-09-09
P8c tau5,T63L95,12.0,3911.8,8,1846,p8c_tau5_2005,2026-09-10
P8c tau5 2005,T63L95,12.0,3517.1,9,1709,p8c_2005,2026-09-10
P8c tau5 2006,T63L95,12.0,3911.8,8,1800,p8c_2006,2026-09-10
P8c tau5 2007,T63L95,12.0,3942.5,8,1815,p8c_2007,2026-09-10
P8c tau5 2008,T63L95,12.0,3924.7,8,1785,p8c_2008,2026-09-10
P8c tau5 2009,T63L95,12.0,3925.8,8,1822,p8c_2009,2026-09-10
P9 T63L95,T63L95,12.0,3783.5,8,1469,p8b_5yr,2026-09-09
P9 T63L63,T63L63,12.0,5374.1,6,1750,p9_t63l63_5yr,2026-09-09
P9 T63L47,T63L47,12.0,6228.3,5,1948,p9_t63l47_5yr,2026-09-09
P9 T85L63,T85L63,9.0,2356.4,10,1075,p9_t85l63_5yr,2026-09-10
P9 T85L47,T85L47,9.0,3059.2,7,1356,p9_t85l47_5yr,2026-09-10
P9 T85L95,T85L95,9.0,1635.5,14,847,p9_t85l95_5yr,2026-09-10
P9 T119L63,T119L63,6.0,790.0,19,516,p9_t119l63_5yr,2026-09-10
P9 T119L47,T119L47,6.0,1044.8,14,697,p9_t119l47_5yr,2026-09-10
P9 T119L95,T119L95,6.0,557.3,27,403,p9_t119l95_5yr,2026-09-10
P10 2005,T63L63,12.0,4717.6,6,880,p10rev_20050101,2026-09-11
P10 2006,T63L63,12.0,4722.8,6,881,p10rev_20060101,2026-09-11
P10 2007,T63L63,12.0,4804.5,6,836,p10rev_20070101,2026-09-11
P10 2008,T63L63,12.0,4748.4,6,834,p10rev_20080101,2026-09-11
P10 2009,T63L63,12.0,4786.5,6,853,p10rev_20090101,2026-09-11
P8 QBO,T63L95,12.0,3803.2,8,1736,p8_qbo_2005,2026-09-04
P8 2005,T63L95,12.0,3871.6,8,2144,p8_2005,2026-09-05
P8 2006,T63L95,12.0,3818.9,8,2116,p8_2006,2026-09-05
P8 2007,T63L95,12.0,3958.0,8,2194,p8_2007,2026-09-05
P8 2008,T63L95,12.0,3885.6,8,2174,p8_2008,2026-09-05
P8 2009,T63L95,12.0,3866.6,8,2151,p8_2009,2026-09-05
P8b 2005,T63L95,12.0,3901.6,8,1874,p8b_2005,2026-09-09
P8b 2006,T63L95,12.0,3890.3,8,1872,p8b_2006,2026-09-09
P8b 2007,T63L95,12.0,3906.7,8,1896,p8b_2007,2026-09-09
P8b 2008,T63L95,12.0,3931.1,8,1904,p8b_2008,2026-09-09
P8b 2009,T63L95,12.0,3889.1,8,1883,p8b_2009,2026-09-09
P8c tau5,T63L95,12.0,3911.8,8,1846,p8c_tau5_2005,2026-09-10
P8c tau5 2005,T63L95,12.0,3517.1,9,1709,p8c_2005,2026-09-10
P8c tau5 2006,T63L95,12.0,3911.8,8,1800,p8c_2006,2026-09-10
P8c tau5 2007,T63L95,12.0,3942.5,8,1815,p8c_2007,2026-09-10
P8c tau5 2008,T63L95,12.0,3924.7,8,1785,p8c_2008,2026-09-10
P8c tau5 2009,T63L95,12.0,3925.8,8,1822,p8c_2009,2026-09-10
P8d tau2 2005,T63L95,12.0,3884.1,8,1828,p8d_2005,2026-09-10
P8d tau2 2006,T63L95,12.0,3879.1,8,1828,p8d_2006,2026-09-10
P8d tau2 2007,T63L95,12.0,3886.6,8,1822,p8d_2007,2026-09-10
P8d tau2 2008,T63L95,12.0,3859.6,8,1725,p8d_2008,2026-09-10
P8d tau2 2009,T63L95,12.0,3899.1,8,1682,p8d_2009,2026-09-10
P8d tau1 2005,T63L95,12.0,3902.9,8,1828,p8e_2005,2026-09-10
P8d tau1 2006,T63L95,12.0,3877.8,8,1812,p8e_2006,2026-09-10
P8d tau1 2007,T63L95,12.0,3900.4,8,1817,p8e_2007,2026-09-10
P8d tau1 2008,T63L95,12.0,3919.6,8,1815,p8e_2008,2026-09-10
P8d tau1 2009,T63L95,12.0,3902.9,8,1802,p8e_2009,2026-09-10
P8f meanpres 2005,T63L95,12.0,3897.9,8,1773,p8f_2005,2026-09-11
P8f meanpres 2006,T63L95,12.0,3895.3,8,1798,p8f_2006,2026-09-11
P8f meanpres 2007,T63L95,12.0,3901.6,8,1795,p8f_2007,2026-09-11
P8f meanpres 2008,T63L95,12.0,3945.2,8,1795,p8f_2008,2026-09-11
P8f meanpres 2009,T63L95,12.0,3889.1,8,1754,p8f_2009,2026-09-11
P11a 1990,T63L63,12.0,4166.9,7,766,p11a_19900101,2026-09-16
P11a 1991,T63L63,12.0,4224.8,7,771,p11a_19910101,2026-09-16
P11a 1992,T63L63,12.0,4185.5,7,760,p11a_19920101,2026-09-16
P11a 1993,T63L63,12.0,4179.2,7,722,p11a_19930101,2026-09-16
P11a 1994,T63L63,12.0,4184.7,7,714,p11a_19940101,2026-09-16
P11b 1990,T63L63,12.0,4156.1,7,788,p11b_19900101,2026-09-16
P11b 1991,T63L63,12.0,4175.1,7,775,p11b_19910101,2026-09-16
P11b 1992,T63L63,12.0,4174.6,7,769,p11b_19920101,2026-09-16
P11b 1993,T63L63,12.0,4176.5,7,713,p11b_19930101,2026-09-16
P11b 1994,T63L63,12.0,4194.3,7,727,p11b_19940101,2026-09-16
P12 noqbo 1990,T63L63,12.0,4980.5,6,864,p12noqbo_19900101,2026-09-17
P12 noqbo 1991,T63L63,12.0,4990.2,6,862,p12noqbo_19910101,2026-09-17
P12 noqbo 1992,T63L63,12.0,5059.6,6,889,p12noqbo_19920101,2026-09-17
P12 noqbo 1993,T63L63,12.0,1819.2,16,659,p12noqbo_19930101,2026-09-17
P12 noqbo 1994,T63L63,12.0,4982.5,6,864,p12noqbo_19940101,2026-09-17
P12 l81 1990,T63L81,12.0,3591.9,8,857,p12l81_19900101,2026-09-17
P12 l81 1991,T63L81,12.0,3594.9,8,815,p12l81_19910101,2026-09-17
P12 l81 1992,T63L81,12.0,3588.9,8,806,p12l81_19920101,2026-09-17
P12 l81 1993,T63L81,12.0,3597.0,8,793,p12l81_19930101,2026-09-17
P12 l81 1994,T63L81,12.0,3593.9,8,795,p12l81_19940101,2026-09-17
P12 ctl 1990,T63L63,12.0,4373.7,7,880,p12ctl_19900101,2026-09-17
P12 ctl 1991,T63L63,12.0,4437.5,7,874,p12ctl_19910101,2026-09-17
P12 ctl 1992,T63L63,12.0,4470.2,7,852,p12ctl_19920101,2026-09-17
P12 ctl 1993,T63L63,12.0,4439.0,7,844,p12ctl_19930101,2026-09-17
P12 ctl 1994,T63L63,12.0,4453.0,7,843,p12ctl_19940101,2026-09-17
P12 echam 1990,T63L95,12.0,145.8,206,106,p12echam_19900101,2026-09-21
P12 echam 1991,T63L95,12.0,166.1,181,116,p12echam_19910101,2026-09-21
P12 echam 1992,T63L95,12.0,159.9,188,118,p12echam_19920101,2026-09-21
P12 echam 1993,T63L95,12.0,161.3,186,118,p12echam_19930101,2026-09-21
P12 echam 1994,T63L95,12.0,162.3,185,118,p12echam_19940101,2026-09-21
P13 gwd 1990,T63L63,12.0,2672.0,11,660,p13gwd_19900101,2026-09-23
P13 gwd 1991,T63L63,12.0,2690.0,11,711,p13gwd_19910101,2026-09-23
P13 gwd 1992,T63L63,12.0,2681.7,11,697,p13gwd_19920101,2026-09-23
P13 gwd 1993,T63L63,12.0,2579.7,12,667,p13gwd_19930101,2026-09-23
P13 gwd 1994,T63L63,12.0,2675.9,11,677,p13gwd_19940101,2026-09-23
P13 gwdl95 1990,T63L95,12.0,1921.5,16,577,p13gwdl95_19900101,2026-09-23
P13 gwdl95 1991,T63L95,12.0,1908.6,16,592,p13gwdl95_19910101,2026-09-23
P13 gwdl95 1992,T63L95,12.0,1863.9,16,590,p13gwdl95_19920101,2026-09-23
P13 gwdl95 1993,T63L95,12.0,1918.1,16,580,p13gwdl95_19930101,2026-09-23
P13 gwdl95 1994,T63L95,12.0,1895.9,16,566,p13gwdl95_19940101,2026-09-23
P13 l81n400 1990,T63L81,12.0,3540.2,8,722,p13l81n400_19900101,2026-09-23
P13 l81n400 1991,T63L81,12.0,3589.9,8,788,p13l81n400_19910101,2026-09-23
P13 l81n400 1992,T63L81,12.0,3575.9,8,762,p13l81n400_19920101,2026-09-23
P13 l81n400 1993,T63L81,12.0,3586.9,8,739,p13l81n400_19930101,2026-09-23
P13 l81n400 1994,T63L81,12.0,3588.9,8,730,p13l81n400_19940101,2026-09-23
P13b jucker 1990,T63L81,12.0,3415.3,9,766,p13jucker_19900101,2026-09-24
P13b jucker 1991,T63L81,12.0,3420.8,9,765,p13jucker_19910101,2026-09-24
P13b jucker 1992,T63L81,12.0,3565.0,8,741,p13jucker_19920101,2026-09-24
P13b jucker 1993,T63L81,12.0,3551.0,8,739,p13jucker_19930101,2026-09-24
P13b jucker 1994,T63L81,12.0,3567.8,8,813,p13jucker_19940101,2026-09-24
P13b juckergwd 1990,T63L81,12.0,2180.9,14,669,p13juckergwd_19900101,2026-09-24
P13b juckergwd 1991,T63L81,12.0,2184.2,14,656,p13juckergwd_19910101,2026-09-24
P13b juckergwd 1992,T63L81,12.0,2197.9,14,656,p13juckergwd_19920101,2026-09-24
P13b juckergwd 1993,T63L81,12.0,2178.3,14,646,p13juckergwd_19930101,2026-09-24
P13b juckergwd 1994,T63L81,12.0,2184.6,14,653,p13juckergwd_19940101,2026-09-24
